<?xml version="1.0"?>
<doc>
    <assembly>
        <name>Wisdom.Utils</name>
    </assembly>
    <members>
        <member name="T:Wisdom.Utils.AsyncServer.AsyncEventArgs">
            <summary>
                异步TcpListener TCP服务器事件参数类
            </summary>
        </member>
        <member name="P:Wisdom.Utils.AsyncServer.AsyncEventArgs.Msg">
            <summary>
                提示信息
            </summary>
        </member>
        <member name="P:Wisdom.Utils.AsyncServer.AsyncEventArgs.State">
            <summary>
                客户端状态封装类
            </summary>
        </member>
        <member name="P:Wisdom.Utils.AsyncServer.AsyncEventArgs.IsHandled">
            <summary>
                是否已经处理过了
            </summary>
        </member>
        <member name="P:Wisdom.Utils.AsyncServer.DataReceivedArgs.State">
            <summary>
                客户端状态封装类
            </summary>
        </member>
        <member name="P:Wisdom.Utils.AsyncServer.TcpClientState.TcpClient">
            <summary>
                与客户端相关的TcpClient
            </summary>
        </member>
        <member name="P:Wisdom.Utils.AsyncServer.TcpClientState.Buffer">
            <summary>
                获取缓冲区
            </summary>
        </member>
        <member name="P:Wisdom.Utils.AsyncServer.TcpClientState.NetworkStream">
            <summary>
                获取网络流
            </summary>
        </member>
        <member name="M:Wisdom.Utils.AsyncServer.TcpClientState.Close">
            <summary>
                关闭
            </summary>
        </member>
        <member name="T:Wisdom.Utils.AsyncServer.AsyncTcpServer">
            <summary>
                TcpListener实现异步TCP服务器
            </summary>
        </member>
        <member name="F:Wisdom.Utils.AsyncServer.AsyncTcpServer._listener">
            <summary>
                服务器使用的异步TcpListener
            </summary>
        </member>
        <member name="F:Wisdom.Utils.AsyncServer.AsyncTcpServer._clients">
            <summary>
                客户端会话列表
            </summary>
        </member>
        <member name="P:Wisdom.Utils.AsyncServer.AsyncTcpServer.IsRunning">
            <summary>
                服务器是否正在运行
            </summary>
        </member>
        <member name="P:Wisdom.Utils.AsyncServer.AsyncTcpServer.Address">
            <summary>
                监听的IP地址
            </summary>
        </member>
        <member name="P:Wisdom.Utils.AsyncServer.AsyncTcpServer.Port">
            <summary>
                监听的端口
            </summary>
        </member>
        <member name="P:Wisdom.Utils.AsyncServer.AsyncTcpServer.Encoding">
            <summary>
                通信使用的编码
            </summary>
        </member>
        <member name="M:Wisdom.Utils.AsyncServer.AsyncTcpServer.#ctor(System.Int32)">
            <summary>
                异步TCP服务器
            </summary>
            <param name="listenPort">监听的端口</param>
        </member>
        <member name="M:Wisdom.Utils.AsyncServer.AsyncTcpServer.#ctor(System.Net.IPEndPoint)">
            <summary>
                异步TCP服务器
            </summary>
            <param name="localEp">监听的终结点</param>
        </member>
        <member name="M:Wisdom.Utils.AsyncServer.AsyncTcpServer.#ctor(System.Net.IPAddress,System.Int32)">
            <summary>
                异步TCP服务器
            </summary>
            <param name="localIpAddress">监听的IP地址</param>
            <param name="listenPort">监听的端口</param>
        </member>
        <member name="M:Wisdom.Utils.AsyncServer.AsyncTcpServer.Start">
            <summary>
                启动服务器
            </summary>
        </member>
        <member name="M:Wisdom.Utils.AsyncServer.AsyncTcpServer.Start(System.Int32)">
            <summary>
                启动服务器
            </summary>
            <param name="backlog">
                服务器所允许的挂起连接序列的最大长度
            </param>
        </member>
        <member name="M:Wisdom.Utils.AsyncServer.AsyncTcpServer.Stop">
            <summary>
                停止服务器
            </summary>
        </member>
        <member name="M:Wisdom.Utils.AsyncServer.AsyncTcpServer.HandleTcpClientAccepted(System.IAsyncResult)">
            <summary>
                处理客户端连接的函数
            </summary>
            <param name="ar"></param>
        </member>
        <member name="M:Wisdom.Utils.AsyncServer.AsyncTcpServer.HandleDataReceived(System.IAsyncResult)">
            <summary>
                数据接受回调函数
            </summary>
            <param name="ar"></param>
        </member>
        <member name="M:Wisdom.Utils.AsyncServer.AsyncTcpServer.Send(Wisdom.Utils.AsyncServer.TcpClientState,System.Byte[])">
            <summary>
                发送数据
            </summary>
            <param name="state">接收数据的客户端会话</param>
            <param name="data">数据报文</param>
        </member>
        <member name="M:Wisdom.Utils.AsyncServer.AsyncTcpServer.Send(System.Net.Sockets.TcpClient,System.Byte[])">
            <summary>
                异步发送数据至指定的客户端
            </summary>
            <param name="client">客户端</param>
            <param name="data">报文</param>
        </member>
        <member name="M:Wisdom.Utils.AsyncServer.AsyncTcpServer.SendDataEnd(System.IAsyncResult)">
            <summary>
                发送数据完成处理函数
            </summary>
            <param name="ar">目标客户端Socket</param>
        </member>
        <member name="E:Wisdom.Utils.AsyncServer.AsyncTcpServer.ClientConnected">
            <summary>
                与客户端的连接已建立事件
            </summary>
        </member>
        <member name="E:Wisdom.Utils.AsyncServer.AsyncTcpServer.ClientDisconnected">
            <summary>
                与客户端的连接已断开事件
            </summary>
        </member>
        <member name="M:Wisdom.Utils.AsyncServer.AsyncTcpServer.RaiseClientConnected(Wisdom.Utils.AsyncServer.TcpClientState)">
            <summary>
                触发客户端连接事件
            </summary>
            <param name="state"></param>
        </member>
        <member name="M:Wisdom.Utils.AsyncServer.AsyncTcpServer.RaiseClientDisconnected(Wisdom.Utils.AsyncServer.TcpClientState)">
            <summary>
                触发客户端连接断开事件
            </summary>
            <param name="state"></param>
        </member>
        <member name="E:Wisdom.Utils.AsyncServer.AsyncTcpServer.DataReceived">
            <summary>
                接收到数据事件
            </summary>
        </member>
        <member name="E:Wisdom.Utils.AsyncServer.AsyncTcpServer.PrepareSend">
            <summary>
                发送数据前的事件
            </summary>
        </member>
        <member name="M:Wisdom.Utils.AsyncServer.AsyncTcpServer.RaisePrepareSend(Wisdom.Utils.AsyncServer.TcpClientState)">
            <summary>
                触发发送数据前的事件
            </summary>
            <param name="state"></param>
        </member>
        <member name="E:Wisdom.Utils.AsyncServer.AsyncTcpServer.CompletedSend">
            <summary>
                数据发送完毕事件
            </summary>
        </member>
        <member name="M:Wisdom.Utils.AsyncServer.AsyncTcpServer.RaiseCompletedSend(Wisdom.Utils.AsyncServer.TcpClientState)">
            <summary>
                触发数据发送完毕的事件
            </summary>
            <param name="state"></param>
        </member>
        <member name="E:Wisdom.Utils.AsyncServer.AsyncTcpServer.NetError">
            <summary>
                网络错误事件
            </summary>
        </member>
        <member name="M:Wisdom.Utils.AsyncServer.AsyncTcpServer.RaiseNetError(Wisdom.Utils.AsyncServer.TcpClientState)">
            <summary>
                触发网络错误事件
            </summary>
            <param name="state"></param>
        </member>
        <member name="E:Wisdom.Utils.AsyncServer.AsyncTcpServer.OtherException">
            <summary>
                异常事件
            </summary>
        </member>
        <member name="M:Wisdom.Utils.AsyncServer.AsyncTcpServer.RaiseOtherException(Wisdom.Utils.AsyncServer.TcpClientState,System.String)">
            <summary>
                触发异常事件
            </summary>
            <param name="state"></param>
            <param name="descrip"></param>
        </member>
        <member name="M:Wisdom.Utils.AsyncServer.AsyncTcpServer.Close(Wisdom.Utils.AsyncServer.TcpClientState)">
            <summary>
                关闭一个与客户端之间的会话
            </summary>
            <param name="state">需要关闭的客户端会话对象</param>
        </member>
        <member name="M:Wisdom.Utils.AsyncServer.AsyncTcpServer.CloseAllClient">
            <summary>
                关闭所有的客户端会话,与所有的客户端连接会断开
            </summary>
        </member>
        <member name="M:Wisdom.Utils.AsyncServer.AsyncTcpServer.Dispose">
            <summary>
                Performs application-defined tasks associated with freeing,
                releasing, or resetting unmanaged resources.
            </summary>
        </member>
        <member name="M:Wisdom.Utils.AsyncServer.AsyncTcpServer.Dispose(System.Boolean)">
            <summary>
                Releases unmanaged and - optionally - managed resources
            </summary>
            <param name="disposing">
                <c>true</c> to release
                both managed and unmanaged resources; <c>false</c>
                to release only unmanaged resources.
            </param>
        </member>
        <member name="T:Wisdom.Utils.Helpers.ByteHelper">
            <summary>
            Byte工具类
            </summary>
        </member>
        <member name="M:Wisdom.Utils.Helpers.ByteHelper.ToHexBytes(System.String)">
            <summary>
                字符串转16进制字节数组
            </summary>
            <param name="hexString"></param>
            <returns></returns>
        </member>
        <member name="M:Wisdom.Utils.Helpers.ByteHelper.ToHexString(System.Collections.Generic.IEnumerable{System.Byte},System.String)">
            <summary>
                将byte集合转换成16进制字符串
            </summary>
            <param name="bytes">byte集合</param>
            <param name="seperator">分隔符，默认是空格</param>
            <returns></returns>
        </member>
        <member name="M:Wisdom.Utils.Helpers.ByteHelper.ToHexString(System.Collections.Generic.IEnumerable{System.Byte},System.Text.Encoding)">
            <summary>
            字节转换为字符串（如果未设置Encoding，是16进制的输出，如果设置了Encoding，会追加解码输出）
            </summary>
            <param name="bytes"></param>
            <param name="encoding"></param>
            <returns></returns>
        </member>
        <member name="M:Wisdom.Utils.Helpers.ByteHelper.CheckLength(System.Int32,System.Byte,System.String)">
            <summary>
                截断
            </summary>
            <param name="data"></param>
            <param name="length"></param>
            <param name="description"></param>
            <returns></returns>
        </member>
        <member name="M:Wisdom.Utils.Helpers.ByteHelper.ToInt16(System.Byte[],System.Int32)">
            <summary>
                将byte数组中的两个字节拿出来转换成short数字。
                如果数组为0x00 0x03，startIndex传0的话，则转换为3。
                与BitConverter.ToInt16类似，只不过是正序
            </summary>
            <param name="bytes"></param>
            <param name="startIndex"></param>
            <returns></returns>
        </member>
        <member name="M:Wisdom.Utils.Helpers.ByteHelper.ToUInt32(System.Byte[],System.Boolean)">
            <summary>
                byte数组转化为uint32
            </summary>
            <param name="bytes"></param>
            <param name="reverse">false:bytes数组内高位在前，true:bytes数组内低位在前</param>
            <returns></returns>
        </member>
        <member name="M:Wisdom.Utils.Helpers.ByteHelper.GetBcdValue(System.Byte)">
            <summary>
                BCD码转换为数字（例如：0x23转换为23）
            </summary>
            <param name="bcd"></param>
            <returns></returns>
        </member>
        <member name="M:Wisdom.Utils.Helpers.ByteHelper.TakeBit(System.Byte,System.Byte,System.Byte)">
            <summary>
                取一个字节中的某几位计算数值（例如：0xF7=1111 0111，startPos=1，endPos=3，则取出011=3）
            </summary>
            <param name="value"></param>
            <param name="startPos">起始位0~7</param>
            <param name="endPos">终止位0~7</param>
            <returns></returns>
        </member>
        <member name="M:Wisdom.Utils.Helpers.ByteHelper.ToInt(System.String)">
            <summary>
                字符串转换为整数
            </summary>
            <param name="str"></param>
            <returns></returns>
        </member>
        <member name="M:Wisdom.Utils.Helpers.ByteHelper.UnionBitArray(System.Collections.BitArray,System.Collections.BitArray)">
            <summary>
                合并两个BitArray，BitArray中用不到的bit要置0（false）
            </summary>
            <param name="bitArray1"></param>
            <param name="bitArray2"></param>
            <returns></returns>
        </member>
        <member name="M:Wisdom.Utils.Helpers.ByteHelper.UnionBitArray(System.Collections.BitArray,System.UInt16)">
            <summary>
                合并两个BitArray，BitArray中用不到的bit要置0（false）
            </summary>
            <param name="bitArray1"></param>
            <param name="value"></param>
            <returns></returns>
        </member>
        <member name="M:Wisdom.Utils.Helpers.ByteHelper.GetSumCheck(System.Collections.Generic.IEnumerable{System.Byte})">
            <summary>
                计算校验和
            </summary>
            <param name="datas"></param>
            <returns></returns>
        </member>
        <member name="M:Wisdom.Utils.Helpers.ByteHelper.GetXorCheck(System.Collections.Generic.IEnumerable{System.Byte})">
            <summary>
                计算异或
            </summary>
            <param name="datas"></param>
            <returns></returns>
        </member>
        <member name="M:Wisdom.Utils.Helpers.ByteHelper.GetCrc16Check(System.Collections.Generic.IEnumerable{System.Byte})">
            <summary>
                计算CRC16
            </summary>
            <param name="datas">要进行计算的数组</param>
            <returns>计算后的数组</returns>
        </member>
        <member name="T:Wisdom.Utils.Helpers.RetryHelper">
            <summary>
            重试机制工具类
            </summary>
        </member>
        <member name="M:Wisdom.Utils.Helpers.RetryHelper.WithRetry``1(System.Action,System.Int32,System.Action)">
            <summary>
            重试方法
            </summary>
            <typeparam name="T"></typeparam>
            <param name="action"></param>
            <param name="retryTimes"></param>
            <param name="clearAction"></param>
        </member>
        <member name="M:Wisdom.Utils.Helpers.RetryHelper.WithRetry(System.Action,System.Int32,System.Action)">
            <summary>
            重试方法
            </summary>
            <param name="action"></param>
            <param name="retryTimes"></param>
            <param name="clearAction"></param>
        </member>
        <member name="M:Wisdom.Utils.Helpers.RetryHelper.DoUntilOk(System.Action,NLog.Logger)">
            <summary>
            执行方法，如果发生异常则重新执行直到成功为止
            </summary>
            <param name="action"></param>
            <param name="logger"></param>
        </member>
        <member name="T:Wisdom.Utils.Helpers.PluginHelper">
            <summary>
            插件工具类
            </summary>
        </member>
        <member name="M:Wisdom.Utils.Helpers.PluginHelper.GetPlugins``1(System.String,System.Object[])">
            <summary>
            根据指定的位置，获取插件集合
            </summary>
            <typeparam name="T"></typeparam>
            <param name="plugInName">文件位置，可以带通配符</param>
            <param name="args">插件构造函数需要的参数</param>
            <returns></returns>
        </member>
        <member name="M:Wisdom.Utils.Helpers.PluginHelper.GetPlugin``1(System.String,System.Object[])">
            <summary>
            根据指定的位置，获取插件
            </summary>
            <typeparam name="T"></typeparam>
            <param name="plugInName">文件位置，可以带通配符</param>
            <param name="args">插件构造函数需要的参数</param>
            <returns></returns>
        </member>
        <member name="M:Wisdom.Utils.Helpers.PluginHelper.GetTypes(System.String)">
            <summary>
            按照模式搜索匹配的文件，返回这些文件所包含的公共类型集合
            </summary>
            <param name="searchPattern"> 要与 path 中的文件名匹配的搜索字符串。
            此参数不能以两个句点（“..”）结束，不能在 System.IO.Path.DirectorySeparatorChar
            或 System.IO.Path.AltDirectorySeparatorChar 的前面包含两个句点（“..”），
            也不能包含 System.IO.Path.InvalidPathChars 中的任何字符。
            </param>
            <returns>一个 Type 集合，它包含与指定搜索模式匹配的文件中的公共类型。</returns>
        </member>
        <member name="T:Wisdom.Utils.Helpers.MathHelper">
            <summary>
            数学工具类
            </summary>
        </member>
        <member name="M:Wisdom.Utils.Helpers.MathHelper.CalcRate(System.Double,System.Double)">
            <summary>
                计算比率：(实际值-标准值)/标准值。
            </summary>
            <param name="standard"></param>
            <param name="real"></param>
            <returns></returns>
        </member>
        <member name="M:Wisdom.Utils.Helpers.MathHelper.Cos(System.Double)">
            <summary>
                返回指定角度的余弦值，例如Cos(60)将返回0.5。
            </summary>
            <param name="angle">以角度为单位</param>
            <returns></returns>
            <remarks>
                System.Math.Cos是以弧度为单位
            </remarks>
        </member>
        <member name="M:Wisdom.Utils.Helpers.MathHelper.Sin(System.Double)">
            <summary>
                返回指定角度的正弦值，例如Sin(30)将返回0.5。
            </summary>
            <param name="angle">以角度为单位</param>
            <returns></returns>
            <remarks>
                System.Math.Sin是以弧度为单位
            </remarks>
        </member>
        <member name="M:Wisdom.Utils.Helpers.MathHelper.ToArc(System.Double)">
            <summary>
                将角度转换为弧度，例如ToArc(180)将返回π。
            </summary>
            <param name="angle">角度</param>
            <returns></returns>
        </member>
        <member name="M:Wisdom.Utils.Helpers.MathHelper.Acos(System.Double)">
            <summary>
                返回余弦值为指定数字的角度，例如Acos(0.5)将返回60。
            </summary>
            <param name="d">余弦值</param>
            <returns></returns>
            <remarks>
                System.Math.Acos的返回是以弧度为单位
            </remarks>
        </member>
        <member name="M:Wisdom.Utils.Helpers.MathHelper.Asin(System.Double)">
            <summary>
                返回正弦值为指定数字的角度，例如Asin(0.5)将返回30。
            </summary>
            <param name="d">正弦值</param>
            <returns></returns>
            <remarks>
                System.Math.Asin的返回是以弧度为单位
            </remarks>
        </member>
        <member name="M:Wisdom.Utils.Helpers.MathHelper.ToAngle(System.Double)">
            <summary>
                将弧度转换为角度，例如ToAngle(π)将返回180。
            </summary>
            <param name="arc">角度</param>
            <returns></returns>
        </member>
        <member name="M:Wisdom.Utils.Helpers.MathHelper.CalcHeight(System.Double)">
            <summary>
                根据气压计算海拔
            </summary>
            <param name="kpa"></param>
            <returns></returns>
        </member>
        <member name="T:Wisdom.Utils.Helpers.EnumHelper">
            <summary>
            枚举工具类
            </summary>
        </member>
        <member name="M:Wisdom.Utils.Helpers.EnumHelper.GetEnumAttribute``1(System.Enum)">
            <summary>
            获取枚举上定义的特性的值
            </summary>
            <typeparam name="T"></typeparam>
            <param name="source"></param>
            <returns></returns>
        </member>
        <member name="M:Wisdom.Utils.Helpers.EnumHelper.GetDescription(System.Enum)">
            <summary>
            获取枚举上定义的<see cref="T:System.ComponentModel.DescriptionAttribute"/>的值
            </summary>
            <param name="source"></param>
            <returns></returns>
        </member>
        <member name="T:Wisdom.Utils.Helpers.NameHelper">
            <summary>
            命名工具类
            </summary>
        </member>
        <member name="M:Wisdom.Utils.Helpers.NameHelper.ToCamel(System.String)">
            <summary>
            转换成Camel规则（首字母小写，后面不变）
            </summary>
            <param name="name"></param>
            <returns></returns>
        </member>
        <member name="M:Wisdom.Utils.Helpers.NameHelper.ToPascal(System.String)">
            <summary>
            转换成Pascal规则（首字母大写，后面不变）
            </summary>
            <param name="name"></param>
            <returns></returns>
        </member>
        <member name="T:Wisdom.Utils.Helpers.UnhandledExceptionHelper">
            <summary>
            未处理异常工具类
            </summary>
        </member>
        <member name="T:Wisdom.Utils.DynamicImport.DriverBase">
            <summary>
            动态加载动态库的基类
            </summary>
        </member>
        <member name="F:Wisdom.Utils.DynamicImport.DriverBase.Logger">
            <summary>
            Logger
            </summary>
        </member>
        <member name="M:Wisdom.Utils.DynamicImport.DriverBase.#ctor(System.String,System.String)">
            <summary>
            构造函数
            </summary>
            <param name="path"></param>
            <param name="name"></param>
        </member>
        <member name="M:Wisdom.Utils.DynamicImport.DriverBase.DoInvoke(System.String,System.Type,System.Object[])">
            <summary>
            通过函数名调用函数
            </summary>
            <param name="methodName"></param>
            <param name="delType"></param>
            <param name="args"></param>
            <returns></returns>
        </member>
        <member name="T:Wisdom.Utils.Extentions.ExceptionExtention">
            <summary>
            Exception扩展类
            </summary>
        </member>
        <member name="M:Wisdom.Utils.Extentions.ExceptionExtention.GetAllInnerMessage(System.Exception)">
            <summary>
            获取包含InnerException的描述
            </summary>
            <param name="ex"></param>
            <returns></returns>
        </member>
        <member name="M:Wisdom.Utils.Extentions.ExceptionExtention.WithLog(System.Exception,NLog.Logger)">
            <summary>
            将异常写到日志
            </summary>
            <param name="ex"></param>
            <param name="logger"></param>
            <returns></returns>
        </member>
        <member name="M:Wisdom.Utils.Extentions.ExceptionExtention.WithLog(System.Exception,NLog.Logger,NLog.LogLevel)">
            <summary>
            将异常写到日志
            </summary>
            <param name="ex"></param>
            <param name="logger"></param>
            <param name="level"></param>
            <returns></returns>
        </member>
        <member name="M:Wisdom.Utils.Extentions.EventExtension.SafeInvoke``1(System.EventHandler{``0},System.Object,``0)">
            <summary>
                安全调用事件（避免空委托和多线程委托被移除的问题）
            </summary>
            <typeparam name="T"></typeparam>
            <param name="handler"></param>
            <param name="sender"></param>
            <param name="args"></param>
        </member>
        <member name="M:Wisdom.Utils.Extentions.EventExtension.SafeInvoke``1(System.EventHandler{``0},``0)">
            <summary>
                安全调用事件（避免空委托和多线程委托被移除的问题）
            </summary>
            <typeparam name="T"></typeparam>
            <param name="handler"></param>
            <param name="args"></param>
        </member>
        <member name="M:Wisdom.Utils.Extentions.EventExtension.SafeInvoke(System.EventHandler,System.Object)">
            <summary>
                安全调用事件（避免空委托和多线程委被托移除的问题）
            </summary>
            <param name="handler"></param>
            <param name="sender"></param>
        </member>
        <member name="M:Wisdom.Utils.Extentions.SocketExtention.SetSocketKeepAliveValues(System.Net.Sockets.TcpClient,System.Int32,System.Int32)">
            <summary>
                Using IOControl code to configue socket KeepAliveValues for line disconnection detection(because default is toooo
                slow)
            </summary>
            <param name="tcpc">TcpClient</param>
            <param name="KeepAliveTime">The keep alive time. (ms)</param>
            <param name="KeepAliveInterval">The keep alive interval. (ms)</param>
        </member>
        <member name="T:Wisdom.Utils.EventQueue`1">
            <summary>
                事件队列
            </summary>
            <typeparam name="T">事件参数</typeparam>
        </member>
        <member name="F:Wisdom.Utils.EventQueue`1._maxCount">
            <summary>
                队列最大数量
            </summary>
        </member>
        <member name="F:Wisdom.Utils.EventQueue`1._name">
            <summary>
                队列名称
            </summary>
        </member>
        <member name="F:Wisdom.Utils.EventQueue`1._queue">
            <summary>
                存储事件的队列
            </summary>
        </member>
        <member name="E:Wisdom.Utils.EventQueue`1.OnDequeue">
            <summary>
                处理队列里项时Raise该事件。
            </summary>
        </member>
        <member name="T:Wisdom.Utils.Log.LogFactoryCache">
            <summary>
            <see cref="T:NLog.LogFactory"/>缓存
            </summary>
        </member>
        <member name="M:Wisdom.Utils.Log.LogFactoryCache.Get(System.String)">
            <summary>
            根据<paramref name="path"/>寻找dll目录下的.nlog配置文件，生成<see cref="T:NLog.LogFactory"/>
            </summary>
            <param name="path">dll的完整路径，如果传null则使用调用者<see cref="M:System.Reflection.Assembly.GetCallingAssembly"/>的位置 </param>
            <returns></returns>
        </member>
        <member name="T:Wisdom.Utils.Log.LoggerCache">
            <summary>
            <see cref="T:NLog.Logger"/>容器
            </summary>
        </member>
        <member name="M:Wisdom.Utils.Log.LoggerCache.Get(System.String,System.String,System.String,NLog.LogLevel)">
            <summary>
            获取<see cref="T:NLog.Logger"/>
            </summary>
            <param name="template"></param>
            <param name="name"><see cref="T:NLog.Logger"/>名称</param>
            <param name="path"><see cref="T:NLog.LogFactory"/>路径</param>
            <param name="logLevel"></param>
            <returns></returns>
        </member>
        <member name="M:Wisdom.Utils.Log.LoggerCache.Create(NLog.LogFactory,System.String,System.String,NLog.LogLevel)">
            <summary>
            创建Logger
            </summary>
            <param name="logFactory"></param>
            <param name="name"></param>
            <param name="template"></param>
            <param name="logLevel"></param>
            <returns></returns>
        </member>
        <member name="T:Wisdom.Utils.Log.LogHelper">
            <summary>
            在方法首尾和异常加日志
            </summary>
        </member>
        <member name="M:Wisdom.Utils.Log.LogHelper.CreateParam``1(``0,System.String,Wisdom.Utils.Log.LogParamDirection,System.Func{``0,System.String})">
            <summary>
            生成参数
            </summary>
            <typeparam name="T"></typeparam>
            <param name="value"></param>
            <param name="name"></param>
            <param name="direction"></param>
            <param name="valueConverter"></param>
            <returns></returns>
        </member>
        <member name="M:Wisdom.Utils.Log.LogHelper.Add(NLog.Logger,System.String,System.Action,Wisdom.Utils.Log.ILogParam[])">
            <summary>
                在方法首尾和异常加日志
            </summary>
            <param name="logger"></param>
            <param name="name"></param>
            <param name="method"></param>
            <param name="args"></param>
        </member>
        <member name="M:Wisdom.Utils.Log.LogHelper.Add(NLog.Logger,System.String,System.Action,NLog.LogLevel,Wisdom.Utils.Log.ILogParam[])">
            <summary>
                在方法首尾和异常加日志
            </summary>
            <param name="logger"></param>
            <param name="name"></param>
            <param name="method"></param>
            <param name="logLevel"></param>
            <param name="args"></param>
        </member>
        <member name="M:Wisdom.Utils.Log.LogHelper.Add(NLog.Logger,System.String,System.Action,System.Boolean,Wisdom.Utils.Log.ILogParam[])">
            <summary>
                在方法首尾和异常加日志
            </summary>
            <param name="logger"></param>
            <param name="name"></param>
            <param name="method"></param>
            <param name="logStart"></param>
            <param name="args"></param>
        </member>
        <member name="M:Wisdom.Utils.Log.LogHelper.Add(NLog.Logger,System.String,System.Action,NLog.LogLevel,System.Boolean,Wisdom.Utils.Log.ILogParam[])">
            <summary>
            在方法首尾和异常加日志
            </summary>
            <param name="logger"></param>
            <param name="name"></param>
            <param name="method"></param>
            <param name="logLevel"></param>
            <param name="logStart"></param>
            <param name="args"></param>
        </member>
        <member name="M:Wisdom.Utils.Log.LogHelper.Add``1(NLog.Logger,System.String,System.Func{``0},Wisdom.Utils.Log.ILogParam[])">
            <summary>
                在方法首尾和异常加日志
            </summary>
            <typeparam name="TResult"></typeparam>
            <param name="logger"></param>
            <param name="name"></param>
            <param name="method"></param>
            <param name="retConverter">将结果解析成字符串用于日志输出，比如返回的是集合，可以转换成逗号分隔的形式</param>
            <param name="logStart"></param>
            <param name="args"></param>
            <returns></returns>
        </member>
        <member name="M:Wisdom.Utils.Log.LogHelper.Add``1(NLog.Logger,System.String,System.Func{``0},System.Func{``0,System.String},Wisdom.Utils.Log.ILogParam[])">
            <summary>
                在方法首尾和异常加日志
            </summary>
            <typeparam name="TResult"></typeparam>
            <param name="logger"></param>
            <param name="name"></param>
            <param name="method"></param>
            <param name="retConverter">将结果解析成字符串用于日志输出，比如返回的是集合，可以转换成逗号分隔的形式</param>
            <param name="logStart"></param>
            <param name="args"></param>
            <returns></returns>
        </member>
        <member name="M:Wisdom.Utils.Log.LogHelper.Add``1(NLog.Logger,System.String,System.Func{``0},System.Boolean,Wisdom.Utils.Log.ILogParam[])">
            <summary>
                在方法首尾和异常加日志
            </summary>
            <typeparam name="TResult"></typeparam>
            <param name="logger"></param>
            <param name="name"></param>
            <param name="method"></param>
            <param name="logStart"></param>
            <param name="args"></param>
            <returns></returns>
        </member>
        <member name="M:Wisdom.Utils.Log.LogHelper.Add``1(NLog.Logger,System.String,System.Func{``0},System.Func{``0,System.String},System.Boolean,Wisdom.Utils.Log.ILogParam[])">
            <summary>
                在方法首尾和异常加日志
            </summary>
            <typeparam name="TResult"></typeparam>
            <param name="logger"></param>
            <param name="name"></param>
            <param name="method"></param>
            <param name="retConverter">将结果解析成字符串用于日志输出，比如返回的是集合，可以转换成逗号分隔的形式</param>
            <param name="logStart"></param>
            <param name="args"></param>
            <returns></returns>
        </member>
        <member name="M:Wisdom.Utils.Log.LogHelper.Add``1(NLog.Logger,System.String,System.Func{``0},NLog.LogLevel,System.Boolean,Wisdom.Utils.Log.ILogParam[])">
            <summary>
                在方法首尾和异常加日志
            </summary>
            <typeparam name="TResult"></typeparam>
            <param name="logger"></param>
            <param name="name"></param>
            <param name="method"></param>
            <param name="logLevel"></param>
            <param name="logStart"></param>
            <param name="args"></param>
            <returns></returns>
        </member>
        <member name="M:Wisdom.Utils.Log.LogHelper.Add``1(NLog.Logger,System.String,System.Func{``0},NLog.LogLevel,System.Func{``0,System.String},Wisdom.Utils.Log.ILogParam[])">
            <summary>
                在方法首尾和异常加日志
            </summary>
            <typeparam name="TResult"></typeparam>
            <param name="logger"></param>
            <param name="name"></param>
            <param name="method"></param>
            <param name="logLevel"></param>
            <param name="retConverter"></param>
            <param name="args"></param>
            <returns></returns>
        </member>
        <member name="M:Wisdom.Utils.Log.LogHelper.Add``1(NLog.Logger,System.String,System.Func{``0},NLog.LogLevel,System.Func{``0,System.String},System.Boolean,Wisdom.Utils.Log.ILogParam[])">
            <summary>
                在方法首尾和异常加日志
            </summary>
            <typeparam name="TResult"></typeparam>
            <param name="logger"></param>
            <param name="name"></param>
            <param name="method"></param>
            <param name="logLevel"></param>
            <param name="retConverter">将结果解析成字符串用于日志输出，比如返回的是集合，可以转换成逗号分隔的形式</param>
            <param name="logStart"></param>
            <param name="args"></param>
            <returns></returns>
        </member>
        <member name="T:Wisdom.Utils.Log.LogParam`1">
            <summary>
            日志参数
            </summary>
            <typeparam name="T"></typeparam>
        </member>
        <member name="M:Wisdom.Utils.Log.LogParam`1.#ctor(`0,System.String,Wisdom.Utils.Log.LogParamDirection,System.Func{`0,System.String})">
            <summary>
            构造函数
            </summary>
            <param name="value"></param>
            <param name="name"></param>
            <param name="direction"></param>
            <param name="valueConverter"></param>
        </member>
        <member name="P:Wisdom.Utils.Log.LogParam`1.Name">
            <summary>
            参数名称
            </summary>
        </member>
        <member name="P:Wisdom.Utils.Log.LogParam`1.Value">
            <summary>
            参数值
            </summary>
        </member>
        <member name="P:Wisdom.Utils.Log.LogParam`1.ValueConverter">
            <summary>
            值的转换器
            </summary>
        </member>
        <member name="P:Wisdom.Utils.Log.LogParam`1.Direction">
            <summary>
            参数方向
            </summary>
        </member>
        <member name="M:Wisdom.Utils.Log.LogParam`1.ToString">
            <summary>
            名称：值
            </summary>
            <returns></returns>
        </member>
        <member name="M:Wisdom.Utils.Log.LogParam`1.JoinNameValue``1(``0,System.String,System.String)">
            <summary>
            如果name为空，则返回value，否则返回name:value
            </summary>
            <typeparam name="TValue"></typeparam>
            <param name="value"></param>
            <param name="name"></param>
            <param name="seperator"></param>
            <returns></returns>
        </member>
        <member name="T:Wisdom.Utils.Log.LogParamDirection">
            <summary>
            日志参数方向
            </summary>
        </member>
        <member name="F:Wisdom.Utils.Log.LogParamDirection.In">
            <summary>
            输入
            </summary>
        </member>
        <member name="F:Wisdom.Utils.Log.LogParamDirection.Out">
            <summary>
            输出
            </summary>
        </member>
        <member name="T:Wisdom.Utils.PluginFactory`1">
            <summary>
            插件工厂（使用<see cref="M:Wisdom.Utils.PluginFactory`1.GetByType(System.String,System.String)"/>方法从缓存中获取插件）
            </summary>
            <typeparam name="T"></typeparam>
        </member>
        <member name="F:Wisdom.Utils.PluginFactory`1._folder">
            <summary>
            插件所在的文件夹
            </summary>
        </member>
        <member name="M:Wisdom.Utils.PluginFactory`1.#ctor(System.String,System.String,System.String)">
            <summary>
            构造函数
            </summary>
            <param name="folder">插件所在文件夹</param>
            <param name="name">插件名称</param>
            <param name="prefix">前缀</param>
        </member>
        <member name="M:Wisdom.Utils.PluginFactory`1.Create(System.String,System.String)">
            <summary>
            根据路径创建插件
            </summary>
            <param name="pluginFileName">插件路径（例如：{DefaultFolder}\{type}\Wisdom.Drivers.{DefaultFolder}.{type}.dll）</param>
            <param name="key">插件构造函数的参数，加密机插件是依赖的动态库的路径（例如：COM1\WinSocketServer.dll），电表插件是驱动名称</param>
            <returns></returns>
        </member>
        <member name="M:Wisdom.Utils.PluginFactory`1.CreateByType(System.String,System.String)">
            <summary>
            根据类型创建插件（使用默认路径：{folder}\{type}\{prefix}.{folder}.{type}.dll）
            </summary>
            <param name="type">插件类型</param>
            <param name="key">插件构造函数的参数，加密机插件是依赖的动态库的路径（例如：COM1\WinSocketServer.dll），电表插件是驱动名称</param>
            <returns></returns>
        </member>
        <member name="M:Wisdom.Utils.PluginFactory`1.GetByType(System.String,System.String)">
            <summary>
            根据类型创建或从缓存中获取插件（使用默认路径：{folder}\{type}\{prefix}.{folder}.{type}.dll）
            </summary>
            <param name="type">插件类型，例如：Server、Direct</param>
            <param name="key">插件构造函数的参数，加密机插件是依赖的动态库的路径（例如：COM1\WinSocketServer.dll），电表插件是驱动名称</param>
            <returns></returns>
        </member>
        <member name="T:Wisdom.Utils.SafeBackgroundWorker">
            <summary>
                线程安全的BackgroundWorker，提供SafeRunWorkerAsync方法，同时调用不会抛出异常，不会同时DoWork
            </summary>
        </member>
        <member name="M:Wisdom.Utils.SafeBackgroundWorker.SafeRunWorkerAsync">
            <summary>
                安全启动后台线程（如果线程已经在运行，不会抛出异常）
            </summary>
            <returns>如果线程成功启动则返回true，如果线程已经在运行返回false</returns>
        </member>
        <member name="M:Wisdom.Utils.SafeBackgroundWorker.SafeRunWorkerAsync(System.Object)">
            <summary>
                安全启动后台线程（如果线程已经在运行，不会抛出异常）
            </summary>
            <returns>如果线程成功启动则返回true，如果线程已经在运行返回false</returns>
        </member>
        <member name="T:Wisdom.Utils.Service.IService">
            <summary>
            WCF服务接口
            </summary>
        </member>
        <member name="M:Wisdom.Utils.Service.IService.KeepAlive">
            <summary>
            心跳
            </summary>
        </member>
        <member name="M:Wisdom.Utils.Service.IService.Subscribe">
            <summary>
            注册
            </summary>
        </member>
        <member name="M:Wisdom.Utils.Service.IService.Unsubscribe">
            <summary>
            取消注册
            </summary>
        </member>
        <member name="T:Wisdom.Utils.Service.ServiceBase`1">
            <summary>
            WCF服务基类
            </summary>
            <typeparam name="T"></typeparam>
        </member>
        <member name="F:Wisdom.Utils.Service.ServiceBase`1.Logger">
            <summary>
            Logger
            </summary>
        </member>
        <member name="F:Wisdom.Utils.Service.ServiceBase`1.Name">
            <summary>
            名称
            </summary>
        </member>
        <member name="M:Wisdom.Utils.Service.ServiceBase`1.#ctor(System.String)">
            <summary>
            构造函数
            </summary>
            <param name="name"></param>
        </member>
        <member name="M:Wisdom.Utils.Service.ServiceBase`1.Remove(System.Net.IPEndPoint)">
            <summary>
            移除客户端，发生在：主动取消注册、客户端被关闭、客户端产生异常、通知客户端时异常
            </summary>
            <param name="ipe"></param>
            <returns></returns>
        </member>
        <member name="M:Wisdom.Utils.Service.ServiceBase`1.OnRemove">
            <summary>
            客户端被移除时，应取消事件的注册
            </summary>
        </member>
        <member name="M:Wisdom.Utils.Service.ServiceBase`1.KeepAlive">
            <summary>
            心跳
            </summary>
        </member>
        <member name="M:Wisdom.Utils.Service.ServiceBase`1.Subscribe">
            <summary>
            注册
            </summary>
        </member>
        <member name="M:Wisdom.Utils.Service.ServiceBase`1.Unsubscribe">
            <summary>
            取消注册
            </summary>
        </member>
        <member name="M:Wisdom.Utils.Service.ServiceBase`1.LogClientInfo">
            <summary>
            记录客户端信息
            </summary>
            <returns></returns>
        </member>
        <member name="M:Wisdom.Utils.Service.ServiceBase`1.Notify(System.Action{`0},System.String)">
            <summary>
            通知客户端
            </summary>
            <param name="action"></param>
            <param name="message"></param>
        </member>
        <member name="T:Wisdom.Utils.Service.ServiceHostBase`1">
            <summary>
            WCF服务宿主基类
            </summary>
            <typeparam name="T"></typeparam>
        </member>
        <member name="F:Wisdom.Utils.Service.ServiceHostBase`1.Logger">
            <summary>
            Logger
            </summary>
        </member>
        <member name="M:Wisdom.Utils.Service.ServiceHostBase`1.#ctor(System.String)">
            <summary>
            构造函数
            </summary>
            <param name="name"></param>
        </member>
        <member name="M:Wisdom.Utils.Service.ServiceHostBase`1.Start">
            <summary>
            开启服务
            </summary>
            <returns></returns>
        </member>
        <member name="M:Wisdom.Utils.Service.ServiceHostBase`1.Stop">
            <summary>
            停止服务
            </summary>
        </member>
        <member name="T:Wisdom.Utils.LongTcpClient">
            <summary>
            可以自动恢复连接的TcpClient
            </summary>
        </member>
        <member name="E:Wisdom.Utils.LongTcpClient.OnReceive">
            <summary>
                当收到数据时，触发该事件
            </summary>
        </member>
        <member name="P:Wisdom.Utils.LongTcpClient.Address">
            <summary>
            地址
            </summary>
        </member>
        <member name="F:Wisdom.Utils.LongTcpClient._host">
            <summary>
            远程主机
            </summary>
        </member>
        <member name="F:Wisdom.Utils.LongTcpClient._port">
            <summary>
            远程端口
            </summary>
        </member>
        <member name="F:Wisdom.Utils.LongTcpClient._length">
            <summary>
            接收缓冲区最大字节数
            </summary>
        </member>
        <member name="F:Wisdom.Utils.LongTcpClient._receiveBytes">
            <summary>
            接收缓冲区
            </summary>
        </member>
        <member name="M:Wisdom.Utils.LongTcpClient.#ctor(System.Int32,System.Int32)">
            <summary>
            构造函数
            </summary>
            <param name="localPort">本地端口号，与 address 关联的端口号，或为 0 以指定任何可用端口。</param>
            <param name="length">缓存区大小</param>
        </member>
        <member name="M:Wisdom.Utils.LongTcpClient.Connect(System.String,System.Int32,System.Int32)">
            <summary>
            连接
            </summary>
            <param name="host"></param>
            <param name="port"></param>
            <param name="connectTimeout"></param>
        </member>
        <member name="M:Wisdom.Utils.LongTcpClient.Disconnect">
            <summary>
            断开
            </summary>
        </member>
        <member name="M:Wisdom.Utils.LongTcpClient.Send(System.Byte[])">
            <summary>
            发送消息
            </summary>
            <param name="bytes"></param>
        </member>
        <member name="M:Wisdom.Utils.LongTcpClient.ReceiveCallback(System.IAsyncResult)">
            <summary>
                接收的回调
            </summary>
            <param name="ar"></param>
        </member>
        <member name="M:Wisdom.Utils.LongTcpClient.Dispose">
            <summary>
            执行与释放或重置非托管资源相关的应用程序定义的任务。
            </summary>
        </member>
        <member name="M:Wisdom.Utils.LongTcpClient.Finalize">
            <summary>
            析构函数
            </summary>
        </member>
        <member name="T:Wisdom.Utils.Repeater">
            <summary>
            重复执行某个特定操作的类
            </summary>
        </member>
        <member name="M:Wisdom.Utils.Repeater.#ctor(System.TimeSpan,System.Func{System.Threading.CancellationToken,System.Boolean},System.Nullable{System.Int32})">
            <summary>
                构造函数
            </summary>
            <param name="interval">轮询时间间隔</param>
            <param name="loopMethod">参与轮询的方法，返回false时退出循环</param>
            <param name="retryTimes">重试次数</param>
        </member>
        <member name="M:Wisdom.Utils.Repeater.#ctor(System.TimeSpan,System.Action{System.Threading.CancellationToken},System.Nullable{System.Int32})">
            <summary>
                构造函数
            </summary>
            <param name="interval">轮询时间间隔</param>
            <param name="loopMethod">参与轮询的方法</param>
            <param name="retryTimes">重试次数</param>
        </member>
        <member name="M:Wisdom.Utils.Repeater.#ctor(System.TimeSpan,System.Action,System.Nullable{System.Int32})">
            <summary>
                构造函数
            </summary>
            <param name="interval">轮询时间间隔</param>
            <param name="loopMethod">参与轮询的方法</param>
            <param name="retryTimes">重试次数</param>
        </member>
        <member name="P:Wisdom.Utils.Repeater.IsRunning">
            <summary>
            是否在运行
            </summary>
        </member>
        <member name="P:Wisdom.Utils.Repeater.Interval">
            <summary>
            时间间隔
            </summary>
        </member>
        <member name="M:Wisdom.Utils.Repeater.Start">
            <summary>
            开始循环
            </summary>
            <returns></returns>
        </member>
        <member name="M:Wisdom.Utils.Repeater.Cancel">
            <summary>
            开始取消循环
            </summary>
            <returns></returns>
        </member>
        <member name="M:Wisdom.Utils.Repeater.CancelUtilDone">
            <summary>
            完全停止
            </summary>
        </member>
    </members>
</doc>
